week,rank,name,assoc,points
2024-W32,1,SUN Yingsha,CHN,9000
2024-W32,2,CHEN Meng,CHN,6940
2024-W32,3,WANG Manyu,CHN,6315
2024-W32,4,WANG Yidi,CHN,5410
2024-W32,5,Hina HAYATA,JPN,3950
2024-W32,6,CHEN Xingtong,CHN,2490
2024-W32,7,SHIN Yubin,KOR,2310
2024-W32,8,Miwa HARIMOTO,JPN,2255
2024-W32,9,Mima ITO,JPN,1990
2024-W32,10,CHENG I-Ching,TPE,1765
2024-W33,1,SUN Yingsha,CHN,9000
2024-W33,2,CHEN Meng,CHN,6940
2024-W33,3,WANG Manyu,CHN,6315
2024-W33,4,WANG Yidi,CHN,5410
2024-W33,5,Hina HAYATA,JPN,3900
2024-W33,6,CHEN Xingtong,CHN,2490
2024-W33,7,SHIN Yubin,KOR,2310
2024-W33,8,Miwa HARIMOTO,JPN,2255
2024-W33,9,Mima ITO,JPN,1990
2024-W33,10,CHENG I-Ching,TPE,1765
2024-W34,1,SUN Yingsha,CHN,9000
2024-W34,2,CHEN Meng,CHN,6940
2024-W34,3,WANG Manyu,CHN,6315
2024-W34,4,WANG Yidi,CHN,5410
2024-W34,5,Hina HAYATA,JPN,3900
2024-W34,6,CHEN Xingtong,CHN,2490
2024-W34,7,SHIN Yubin,KOR,2310
2024-W34,8,Miwa HARIMOTO,JPN,2255
2024-W34,9,Mima ITO,JPN,1990
2024-W34,10,CHENG I-Ching,TPE,1765
2024-W35,1,SUN Yingsha,CHN,9000
2024-W35,2,CHEN Meng,CHN,6940
2024-W35,3,WANG Manyu,CHN,6315
2024-W35,4,WANG Yidi,CHN,5410
2024-W35,5,Hina HAYATA,JPN,3900
2024-W35,6,CHEN Xingtong,CHN,2490
2024-W35,7,SHIN Yubin,KOR,2310
2024-W35,8,Miwa HARIMOTO,JPN,2255
2024-W35,9,Mima ITO,JPN,1990
2024-W35,10,CHENG I-Ching,TPE,1765
2024-W36,1,SUN Yingsha,CHN,9000
2024-W36,2,CHEN Meng,CHN,6940
2024-W36,3,WANG Manyu,CHN,6315
2024-W36,4,WANG Yidi,CHN,5410
2024-W36,5,Hina HAYATA,JPN,3900
2024-W36,6,CHEN Xingtong,CHN,2490
2024-W36,7,SHIN Yubin,KOR,2310
2024-W36,8,Miwa HARIMOTO,JPN,2255
2024-W36,9,Mima ITO,JPN,1990
2024-W36,10,CHENG I-Ching,TPE,1765
2024-W37,1,SUN Yingsha,CHN,9000
2024-W37,2,CHEN Meng,CHN,6940
2024-W37,3,WANG Manyu,CHN,6315
2024-W37,4,WANG Yidi,CHN,5410
2024-W37,5,Hina HAYATA,JPN,3900
2024-W37,6,CHEN Xingtong,CHN,2490
2024-W37,7,SHIN Yubin,KOR,2310
2024-W37,8,Miwa HARIMOTO,JPN,2255
2024-W37,9,Mima ITO,JPN,1990
2024-W37,10,CHENG I-Ching,TPE,1765
2024-W38,1,SUN Yingsha,CHN,9400
2024-W38,2,CHEN Meng,CHN,6590
2024-W38,3,WANG Manyu,CHN,6400
2024-W38,4,WANG Yidi,CHN,5830
2024-W38,5,Hina HAYATA,JPN,3900
2024-W38,6,CHEN Xingtong,CHN,2535
2024-W38,7,Miwa HARIMOTO,JPN,2465
2024-W38,8,SHIN Yubin,KOR,2310
2024-W38,9,Mima ITO,JPN,2010
2024-W38,10,CHENG I-Ching,TPE,1850
2024-W39,1,SUN Yingsha,CHN,9400
2024-W39,2,CHEN Meng,CHN,6590
2024-W39,3,WANG Manyu,CHN,6400
2024-W39,4,WANG Yidi,CHN,5830
2024-W39,5,Hina HAYATA,JPN,3900
2024-W39,6,CHEN Xingtong,CHN,2535
2024-W39,7,Miwa HARIMOTO,JPN,2465
2024-W39,8,SHIN Yubin,KOR,2310
2024-W39,9,Mima ITO,JPN,2010
2024-W39,10,CHENG I-Ching,TPE,1850
2024-W40,1,SUN Yingsha,CHN,9400
2024-W40,2,CHEN Meng,CHN,6590
2024-W40,3,WANG Manyu,CHN,6400
2024-W40,4,WANG Yidi,CHN,5830
2024-W40,5,Hina HAYATA,JPN,3900
2024-W40,6,CHEN Xingtong,CHN,2535
2024-W40,7,Miwa HARIMOTO,JPN,2465
2024-W40,8,SHIN Yubin,KOR,2310
2024-W40,9,Mima ITO,JPN,2010
2024-W40,10,CHENG I-Ching,TPE,1850
2024-W41,1,SUN Yingsha,CHN,10800
2024-W41,2,WANG Manyu,CHN,7450
2024-W41,3,CHEN Meng,CHN,6170
2024-W41,4,WANG Yidi,CHN,5830
2024-W41,5,Hina HAYATA,JPN,3900
2024-W41,6,CHEN Xingtong,CHN,3025
2024-W41,7,Miwa HARIMOTO,JPN,2465
2024-W41,8,SHIN Yubin,KOR,2310
2024-W41,9,Mima ITO,JPN,2270
2024-W41,10,CHENG I-Ching,TPE,2110
2024-W42,1,SUN Yingsha,CHN,10800
2024-W42,2,WANG Manyu,CHN,7300
2024-W42,3,CHEN Meng,CHN,6170
2024-W42,4,WANG Yidi,CHN,5830
2024-W42,5,Hina HAYATA,JPN,3695
2024-W42,6,CHEN Xingtong,CHN,2980
2024-W42,7,Miwa HARIMOTO,JPN,2640
2024-W42,8,Mima ITO,JPN,2355
2024-W42,9,SHIN Yubin,KOR,2310
2024-W42,10,CHENG I-Ching,TPE,2110
2024-W43,1,SUN Yingsha,CHN,10800
2024-W43,2,WANG Manyu,CHN,7300
2024-W43,3,CHEN Meng,CHN,6170
2024-W43,4,WANG Yidi,CHN,5830
2024-W43,5,Hina HAYATA,JPN,3538
2024-W43,6,CHEN Xingtong,CHN,2980
2024-W43,7,Miwa HARIMOTO,JPN,2640
2024-W43,8,Mima ITO,JPN,2355
2024-W43,9,SHIN Yubin,KOR,2310
2024-W43,10,CHENG I-Ching,TPE,2110
2024-W44,1,SUN Yingsha,CHN,10800
2024-W44,2,WANG Manyu,CHN,7300
2024-W44,3,WANG Yidi,CHN,5830
2024-W44,4,CHEN Meng,CHN,5750
2024-W44,5,Hina HAYATA,JPN,3538
2024-W44,6,Miwa HARIMOTO,JPN,3165
2024-W44,7,CHEN Xingtong,CHN,2980
2024-W44,8,Mima ITO,JPN,2440
2024-W44,9,CHENG I-Ching,TPE,2370
2024-W44,10,SHIN Yubin,KOR,2310
2024-W45,1,SUN Yingsha,CHN,10800
2024-W45,2,WANG Manyu,CHN,6865
2024-W45,3,CHEN Meng,CHN,5750
2024-W45,4,WANG Yidi,CHN,5110
2024-W45,5,Hina HAYATA,JPN,3363
2024-W45,6,Miwa HARIMOTO,JPN,3165
2024-W45,7,CHEN Xingtong,CHN,2980
2024-W45,8,CHENG I-Ching,TPE,2370
2024-W45,9,Mima ITO,JPN,2355
2024-W45,10,Satsuki ODO,JPN,2328
2024-W46,1,SUN Yingsha,CHN,10800
2024-W46,2,WANG Manyu,CHN,7465
2024-W46,3,WANG Yidi,CHN,5530
2024-W46,4,CHEN Meng,CHN,5225
2024-W46,5,Hina HAYATA,JPN,3363
2024-W46,6,Miwa HARIMOTO,JPN,3305
2024-W46,7,CHEN Xingtong,CHN,3200
2024-W46,8,Satsuki ODO,JPN,2378
2024-W46,9,CHENG I-Ching,TPE,2370
2024-W46,10,Mima ITO,JPN,2355
2024-W47,1,SUN Yingsha,CHN,10800
2024-W47,2,WANG Manyu,CHN,7465
2024-W47,3,WANG Yidi,CHN,5530
2024-W47,4,CHEN Meng,CHN,5225
2024-W47,5,Hina HAYATA,JPN,3363
2024-W47,6,Miwa HARIMOTO,JPN,3305
2024-W47,7,CHEN Xingtong,CHN,3200
2024-W47,8,Satsuki ODO,JPN,2378
2024-W47,9,CHENG I-Ching,TPE,2370
2024-W47,10,Mima ITO,JPN,2355
2024-W48,1,SUN Yingsha,CHN,10800
2024-W48,2,WANG Manyu,CHN,8700
2024-W48,3,WANG Yidi,CHN,5775
2024-W48,4,CHEN Meng,CHN,4700
2024-W48,5,CHEN Xingtong,CHN,4075
2024-W48,6,Hina HAYATA,JPN,3363
2024-W48,7,Miwa HARIMOTO,JPN,3305
2024-W48,8,Satsuki ODO,JPN,2518
2024-W48,9,CHENG I-Ching,TPE,2370
2024-W48,10,Mima ITO,JPN,2365
2024-W49,1,SUN Yingsha,CHN,10800
2024-W49,2,WANG Manyu,CHN,8700
2024-W49,3,WANG Yidi,CHN,5775
2024-W49,4,CHEN Meng,CHN,4700
2024-W49,5,CHEN Xingtong,CHN,4075
2024-W49,6,Hina HAYATA,JPN,3363
2024-W49,7,Miwa HARIMOTO,JPN,3305
2024-W49,8,Satsuki ODO,JPN,2518
2024-W49,9,CHENG I-Ching,TPE,2370
2024-W49,10,Mima ITO,JPN,2365
2024-W50,1,SUN Yingsha,CHN,10800
2024-W50,2,WANG Manyu,CHN,8700
2024-W50,3,WANG Yidi,CHN,5775
2024-W50,4,CHEN Meng,CHN,4700
2024-W50,5,CHEN Xingtong,CHN,4075
2024-W50,6,Hina HAYATA,JPN,3363
2024-W50,7,Miwa HARIMOTO,JPN,3305
2024-W50,8,Satsuki ODO,JPN,2518
2024-W50,9,CHENG I-Ching,TPE,2370
2024-W50,10,Mima ITO,JPN,2365
2024-W51,1,SUN Yingsha,CHN,9900
2024-W51,2,WANG Manyu,CHN,8700
2024-W51,3,WANG Yidi,CHN,5005
2024-W51,4,CHEN Meng,CHN,4700
2024-W51,5,CHEN Xingtong,CHN,3725
2024-W51,6,Hina HAYATA,JPN,3363
2024-W51,7,Miwa HARIMOTO,JPN,3305
2024-W51,8,Satsuki ODO,JPN,2518
2024-W51,9,CHENG I-Ching,TPE,2370
2024-W51,10,SHIN Yubin,KOR,2310
2024-W52,1,SUN Yingsha,CHN,9900
2024-W52,2,WANG Manyu,CHN,8700
2024-W52,3,WANG Yidi,CHN,5005
2024-W52,4,CHEN Meng,CHN,4700
2024-W52,5,CHEN Xingtong,CHN,3725
2024-W52,6,Hina HAYATA,JPN,3363
2024-W52,7,Miwa HARIMOTO,JPN,3305
2024-W52,8,Satsuki ODO,JPN,2518
2024-W52,9,CHENG I-Ching,TPE,2370
2024-W52,10,SHIN Yubin,KOR,2310
2025-W01,1,SUN Yingsha,CHN,9900
2025-W01,2,WANG Manyu,CHN,8700
2025-W01,3,WANG Yidi,CHN,5005
2025-W01,4,CHEN Xingtong,CHN,3725
2025-W01,5,Hina HAYATA,JPN,3363
2025-W01,6,Miwa HARIMOTO,JPN,3305
2025-W01,7,Satsuki ODO,JPN,2518
2025-W01,8,CHENG I-Ching,TPE,2370
2025-W01,9,SHIN Yubin,KOR,2310
2025-W01,10,Mima ITO,JPN,2190
2025-W02,1,SUN Yingsha,CHN,9900
2025-W02,2,WANG Manyu,CHN,8700
2025-W02,3,WANG Yidi,CHN,5005
2025-W02,4,CHEN Xingtong,CHN,3725
2025-W02,5,Hina HAYATA,JPN,3363
2025-W02,6,Miwa HARIMOTO,JPN,3305
2025-W02,7,Satsuki ODO,JPN,2518
2025-W02,8,CHENG I-Ching,TPE,2370
2025-W02,9,SHIN Yubin,KOR,2310
2025-W02,10,Mima ITO,JPN,2190
2025-W03,1,SUN Yingsha,CHN,9650
2025-W03,2,WANG Manyu,CHN,8700
2025-W03,3,WANG Yidi,CHN,5005
2025-W03,4,CHEN Xingtong,CHN,3725
2025-W03,5,Hina HAYATA,JPN,3363
2025-W03,6,Miwa HARIMOTO,JPN,3305
2025-W03,7,Satsuki ODO,JPN,2518
2025-W03,8,CHENG I-Ching,TPE,2370
2025-W03,9,SHIN Yubin,KOR,2310
2025-W03,10,Mima ITO,JPN,2190
2025-W04,1,SUN Yingsha,CHN,9650
2025-W04,2,WANG Manyu,CHN,8700
2025-W04,3,WANG Yidi,CHN,5005
2025-W04,4,CHEN Xingtong,CHN,3725
2025-W04,5,Hina HAYATA,JPN,3363
2025-W04,6,Miwa HARIMOTO,JPN,3305
2025-W04,7,Satsuki ODO,JPN,2533
2025-W04,8,CHENG I-Ching,TPE,2370
2025-W04,9,SHIN Yubin,KOR,2205
2025-W04,10,Mima ITO,JPN,2190
2025-W05,1,SUN Yingsha,CHN,9650
2025-W05,2,WANG Manyu,CHN,8700
2025-W05,3,WANG Yidi,CHN,5005
2025-W05,4,CHEN Xingtong,CHN,3725
2025-W05,5,Hina HAYATA,JPN,3363
2025-W05,6,Miwa HARIMOTO,JPN,3305
2025-W05,7,Satsuki ODO,JPN,2533
2025-W05,8,Mima ITO,JPN,2190
2025-W05,9,SHIN Yubin,KOR,2125
2025-W05,10,QIAN Tianyi,CHN,1945
2025-W06,1,SUN Yingsha,CHN,9650
2025-W06,2,WANG Manyu,CHN,8700
2025-W06,3,WANG Yidi,CHN,5005
2025-W06,4,CHEN Xingtong,CHN,3725
2025-W06,5,Hina HAYATA,JPN,3363
2025-W06,6,Miwa HARIMOTO,JPN,3305
2025-W06,7,Satsuki ODO,JPN,2533
2025-W06,8,Mima ITO,JPN,2190
2025-W06,9,SHIN Yubin,KOR,2125
2025-W06,10,QIAN Tianyi,CHN,1945
2025-W07,1,SUN Yingsha,CHN,11300
2025-W07,2,WANG Manyu,CHN,8700
2025-W07,3,WANG Yidi,CHN,5425
2025-W07,4,CHEN Xingtong,CHN,4250
2025-W07,5,Hina HAYATA,JPN,3538
2025-W07,6,Miwa HARIMOTO,JPN,3305
2025-W07,7,KUAI Man,CHN,2890
2025-W07,8,Satsuki ODO,JPN,2575
2025-W07,9,Mima ITO,JPN,2450
2025-W07,10,SHIN Yubin,KOR,2170
2025-W08,1,SUN Yingsha,CHN,11300
2025-W08,2,WANG Manyu,CHN,8700
2025-W08,3,WANG Yidi,CHN,5425
2025-W08,4,CHEN Xingtong,CHN,4250
2025-W08,5,Hina HAYATA,JPN,3538
2025-W08,6,Miwa HARIMOTO,JPN,3305
2025-W08,7,KUAI Man,CHN,2890
2025-W08,8,Satsuki ODO,JPN,2575
2025-W08,9,Mima ITO,JPN,2450
2025-W08,10,SHIN Yubin,KOR,2170
2025-W09,1,SUN Yingsha,CHN,11300
2025-W09,2,WANG Manyu,CHN,8850
2025-W09,3,WANG Yidi,CHN,5425
2025-W09,4,CHEN Xingtong,CHN,4250
2025-W09,5,Hina HAYATA,JPN,3470
2025-W09,6,Miwa HARIMOTO,JPN,3305
2025-W09,7,KUAI Man,CHN,3020
2025-W09,8,Satsuki ODO,JPN,2575
2025-W09,9,Mima ITO,JPN,2450
2025-W09,10,SHIN Yubin,KOR,2170
2025-W10,1,SUN Yingsha,CHN,11300
2025-W10,2,WANG Manyu,CHN,8850
2025-W10,3,WANG Yidi,CHN,5425
2025-W10,4,CHEN Xingtong,CHN,4250
2025-W10,5,Hina HAYATA,JPN,3470
2025-W10,6,Miwa HARIMOTO,JPN,3305
2025-W10,7,KUAI Man,CHN,3020
2025-W10,8,Satsuki ODO,JPN,2575
2025-W10,9,Mima ITO,JPN,2450
2025-W10,10,SHIN Yubin,KOR,2170
2025-W11,1,SUN Yingsha,CHN,11300
2025-W11,2,WANG Manyu,CHN,8850
2025-W11,3,WANG Yidi,CHN,5425
2025-W11,4,CHEN Xingtong,CHN,4250
2025-W11,5,Hina HAYATA,JPN,3470
2025-W11,6,Miwa HARIMOTO,JPN,3305
2025-W11,7,KUAI Man,CHN,3020
2025-W11,8,Satsuki ODO,JPN,2575
2025-W11,9,Mima ITO,JPN,2450
2025-W11,10,SHIN Yubin,KOR,2170
2025-W12,1,SUN Yingsha,CHN,11300
2025-W12,2,WANG Manyu,CHN,7200
2025-W12,3,WANG Yidi,CHN,4375
2025-W12,4,CHEN Xingtong,CHN,4250
2025-W12,5,Hina HAYATA,JPN,3470
2025-W12,6,Miwa HARIMOTO,JPN,3305
2025-W12,7,KUAI Man,CHN,3160
2025-W12,8,Satsuki ODO,JPN,2610
2025-W12,9,Mima ITO,JPN,2190
2025-W12,10,SHIN Yubin,KOR,1950
2025-W13,1,SUN Yingsha,CHN,11300
2025-W13,2,WANG Manyu,CHN,7200
2025-W13,3,WANG Yidi,CHN,4375
2025-W13,4,CHEN Xingtong,CHN,4250
2025-W13,5,Hina HAYATA,JPN,3470
2025-W13,6,Miwa HARIMOTO,JPN,3305
2025-W13,7,KUAI Man,CHN,3160
2025-W13,8,Satsuki ODO,JPN,2610
2025-W13,9,Mima ITO,JPN,2190
2025-W13,10,SHIN Yubin,KOR,1950
2025-W14,1,SUN Yingsha,CHN,11300
2025-W14,2,WANG Manyu,CHN,6850
2025-W14,3,WANG Yidi,CHN,4305
2025-W14,4,CHEN Xingtong,CHN,4250
2025-W14,5,Miwa HARIMOTO,JPN,3625
2025-W14,6,Hina HAYATA,JPN,3470
2025-W14,7,KUAI Man,CHN,3160
2025-W14,8,Satsuki ODO,JPN,2610
2025-W14,9,Mima ITO,JPN,2190
2025-W14,10,SHIN Yubin,KOR,2030
2025-W15,1,SUN Yingsha,CHN,11300
2025-W15,2,WANG Manyu,CHN,6850
2025-W15,3,WANG Yidi,CHN,5025
2025-W15,4,CHEN Xingtong,CHN,4775
2025-W15,5,Miwa HARIMOTO,JPN,3625
2025-W15,6,Hina HAYATA,JPN,3470
2025-W15,7,KUAI Man,CHN,3295
2025-W15,8,Satsuki ODO,JPN,2645
2025-W15,9,Mima ITO,JPN,2275
2025-W15,10,SHIN Yubin,KOR,2030
2025-W16,1,SUN Yingsha,CHN,11300
2025-W16,2,WANG Manyu,CHN,6850
2025-W16,3,WANG Yidi,CHN,5025
2025-W16,4,CHEN Xingtong,CHN,4775
2025-W16,5,Miwa HARIMOTO,JPN,3625
2025-W16,6,Hina HAYATA,JPN,3470
2025-W16,7,KUAI Man,CHN,3295
2025-W16,8,Satsuki ODO,JPN,2645
2025-W16,9,Mima ITO,JPN,2275
2025-W16,10,SHIN Yubin,KOR,2030
2025-W17,1,SUN Yingsha,CHN,11300
2025-W17,2,WANG Manyu,CHN,6065
2025-W17,3,CHEN Xingtong,CHN,5125
2025-W17,4,WANG Yidi,CHN,5025
2025-W17,5,KUAI Man,CHN,4255
2025-W17,6,Miwa HARIMOTO,JPN,3450
2025-W17,7,Hina HAYATA,JPN,3380
2025-W17,8,Satsuki ODO,JPN,2735
2025-W17,9,Mima ITO,JPN,2700
2025-W17,10,SHIN Yubin,KOR,2030
2025-W18,1,SUN Yingsha,CHN,11300
2025-W18,2,WANG Manyu,CHN,6065
2025-W18,3,CHEN Xingtong,CHN,5125
2025-W18,4,WANG Yidi,CHN,5025
2025-W18,5,KUAI Man,CHN,4255
2025-W18,6,Miwa HARIMOTO,JPN,3500
2025-W18,7,Hina HAYATA,JPN,3485
2025-W18,8,Satsuki ODO,JPN,2735
2025-W18,9,Mima ITO,JPN,2700
2025-W18,10,SHIN Yubin,KOR,2030
2025-W19,1,SUN Yingsha,CHN,11300
2025-W19,2,WANG Manyu,CHN,6065
2025-W19,3,CHEN Xingtong,CHN,5125
2025-W19,4,WANG Yidi,CHN,5025
2025-W19,5,KUAI Man,CHN,4255
2025-W19,6,Miwa HARIMOTO,JPN,3500
2025-W19,7,Hina HAYATA,JPN,3485
2025-W19,8,Satsuki ODO,JPN,2735
2025-W19,9,Mima ITO,JPN,2700
2025-W19,10,SHIN Yubin,KOR,2030
2025-W20,1,SUN Yingsha,CHN,10250
2025-W20,2,WANG Manyu,CHN,6065
2025-W20,3,CHEN Xingtong,CHN,5125
2025-W20,4,WANG Yidi,CHN,4605
2025-W20,5,KUAI Man,CHN,4255
2025-W20,6,Miwa HARIMOTO,JPN,3500
2025-W20,7,Hina HAYATA,JPN,2960
2025-W20,8,Satsuki ODO,JPN,2735
2025-W20,9,Mima ITO,JPN,2450
2025-W20,10,SHIN Yubin,KOR,2030
2025-W21,1,SUN Yingsha,CHN,10250
2025-W21,2,WANG Manyu,CHN,6065
2025-W21,3,CHEN Xingtong,CHN,5125
2025-W21,4,WANG Yidi,CHN,4605
2025-W21,5,KUAI Man,CHN,4255
2025-W21,6,Miwa HARIMOTO,JPN,3500
2025-W21,7,Hina HAYATA,JPN,2960
2025-W21,8,Satsuki ODO,JPN,2735
2025-W21,9,Mima ITO,JPN,2450
2025-W21,10,SHIN Yubin,KOR,2030
2025-W22,1,SUN Yingsha,CHN,11900
2025-W22,2,WANG Manyu,CHN,7200
2025-W22,3,CHEN Xingtong,CHN,5425
2025-W22,4,WANG Yidi,CHN,4675
2025-W22,5,KUAI Man,CHN,4255
2025-W22,6,Miwa HARIMOTO,JPN,3500
2025-W22,7,Mima ITO,JPN,3050
2025-W22,8,Hina HAYATA,JPN,3030
2025-W22,9,Satsuki ODO,JPN,2910
2025-W22,10,SHIN Yubin,KOR,2030
2025-W23,1,SUN Yingsha,CHN,11900
2025-W23,2,WANG Manyu,CHN,7200
2025-W23,3,CHEN Xingtong,CHN,5425
2025-W23,4,WANG Yidi,CHN,4675
2025-W23,5,KUAI Man,CHN,4255
2025-W23,6,Miwa HARIMOTO,JPN,3500
2025-W23,7,Mima ITO,JPN,3050
2025-W23,8,Hina HAYATA,JPN,3030
2025-W23,9,Satsuki ODO,JPN,2910
2025-W23,10,SHIN Yubin,KOR,2030
2025-W24,1,SUN Yingsha,CHN,11250
2025-W24,2,WANG Manyu,CHN,6765
2025-W24,3,CHEN Xingtong,CHN,5425
2025-W24,4,WANG Yidi,CHN,4415
2025-W24,5,KUAI Man,CHN,4255
2025-W24,6,Miwa HARIMOTO,JPN,3500
2025-W24,7,Mima ITO,JPN,3050
2025-W24,8,Satsuki ODO,JPN,2910
2025-W24,9,Hina HAYATA,JPN,2685
2025-W24,10,SHIN Yubin,KOR,2030
2025-W25,1,SUN Yingsha,CHN,11250
2025-W25,2,WANG Manyu,CHN,6765
2025-W25,3,CHEN Xingtong,CHN,5425
2025-W25,4,WANG Yidi,CHN,4415
2025-W25,5,KUAI Man,CHN,4255
2025-W25,6,Miwa HARIMOTO,JPN,3500
2025-W25,7,Mima ITO,JPN,3050
2025-W25,8,Satsuki ODO,JPN,2910
2025-W25,9,Hina HAYATA,JPN,2175
2025-W25,10,SHIN Yubin,KOR,1995
2025-W26,1,SUN Yingsha,CHN,11250
2025-W26,2,WANG Manyu,CHN,6765
2025-W26,3,CHEN Xingtong,CHN,5425
2025-W26,4,WANG Yidi,CHN,4415
2025-W26,5,KUAI Man,CHN,4255
2025-W26,6,Miwa HARIMOTO,JPN,3500
2025-W26,7,Mima ITO,JPN,3050
2025-W26,8,Satsuki ODO,JPN,2910
2025-W26,9,Hina HAYATA,JPN,2175
2025-W26,10,SHIN Yubin,KOR,1995
2025-W27,1,SUN Yingsha,CHN,11250
2025-W27,2,WANG Manyu,CHN,6765
2025-W27,3,CHEN Xingtong,CHN,5425
2025-W27,4,WANG Yidi,CHN,4415
2025-W27,5,KUAI Man,CHN,4255
2025-W27,6,Miwa HARIMOTO,JPN,3450
2025-W27,7,Mima ITO,JPN,3050
2025-W27,8,Satsuki ODO,JPN,3030
2025-W27,9,Hina HAYATA,JPN,2175
2025-W27,10,SHIN Yubin,KOR,1995
2025-W28,1,SUN Yingsha,CHN,11250
2025-W28,2,WANG Manyu,CHN,6765
2025-W28,3,CHEN Xingtong,CHN,5425
2025-W28,4,WANG Yidi,CHN,4415
2025-W28,5,KUAI Man,CHN,4255
2025-W28,6,Miwa HARIMOTO,JPN,3450
2025-W28,7,Satsuki ODO,JPN,3030
2025-W28,8,Mima ITO,JPN,2550
2025-W28,9,Hina HAYATA,JPN,2175
2025-W28,10,SHIN Yubin,KOR,1915
2025-W29,1,SUN Yingsha,CHN,11250
2025-W29,2,WANG Manyu,CHN,6765
2025-W29,3,CHEN Xingtong,CHN,5425
2025-W29,4,KUAI Man,CHN,4780
2025-W29,5,WANG Yidi,CHN,4500
2025-W29,6,ZHU Yuling,MAC,3530
2025-W29,7,Miwa HARIMOTO,JPN,3450
2025-W29,8,Mima ITO,JPN,3150
2025-W29,9,Satsuki ODO,JPN,3030
2025-W29,10,CHEN Yi,CHN,2715
2025-W30,1,SUN Yingsha,CHN,11250
2025-W30,2,WANG Manyu,CHN,6765
2025-W30,3,CHEN Xingtong,CHN,5425
2025-W30,4,KUAI Man,CHN,4780
2025-W30,5,WANG Yidi,CHN,4500
2025-W30,6,ZHU Yuling,MAC,3530
2025-W30,7,Miwa HARIMOTO,JPN,3450
2025-W30,8,Mima ITO,JPN,3150
2025-W30,9,Satsuki ODO,JPN,3030
2025-W30,10,CHEN Yi,CHN,2715
2025-W31,1,SUN Yingsha,CHN,11250
2025-W31,2,WANG Manyu,CHN,6765
2025-W31,3,CHEN Xingtong,CHN,5425
2025-W31,4,KUAI Man,CHN,4780
2025-W31,5,WANG Yidi,CHN,4500
2025-W31,6,ZHU Yuling,MAC,3530
2025-W31,7,Miwa HARIMOTO,JPN,3500
2025-W31,8,Mima ITO,JPN,3150
2025-W31,9,Satsuki ODO,JPN,3030
2025-W31,10,CHEN Yi,CHN,2715
2025-W32,1,SUN Yingsha,CHN,10025
2025-W32,2,WANG Manyu,CHN,6765
2025-W32,3,CHEN Xingtong,CHN,5425
2025-W32,4,KUAI Man,CHN,4780
2025-W32,5,WANG Yidi,CHN,4500
2025-W32,6,Miwa HARIMOTO,JPN,3750
2025-W32,7,ZHU Yuling,MAC,3530
2025-W32,8,Mima ITO,JPN,3150
2025-W32,9,Satsuki ODO,JPN,3065
2025-W32,10,CHEN Yi,CHN,2715
2025-W33,1,SUN Yingsha,CHN,10025
2025-W33,2,WANG Manyu,CHN,6765
2025-W33,3,CHEN Xingtong,CHN,5425
2025-W33,4,KUAI Man,CHN,4780
2025-W33,5,WANG Yidi,CHN,4500
2025-W33,6,Miwa HARIMOTO,JPN,3750
2025-W33,7,ZHU Yuling,MAC,3530
2025-W33,8,Mima ITO,JPN,3150
2025-W33,9,Satsuki ODO,JPN,3065
2025-W33,10,CHEN Yi,CHN,2715
2025-W34,1,SUN Yingsha,CHN,10550
2025-W34,2,WANG Manyu,CHN,6765
2025-W34,3,CHEN Xingtong,CHN,6075
2025-W34,4,KUAI Man,CHN,4780
2025-W34,5,WANG Yidi,CHN,4675
2025-W34,6,Miwa HARIMOTO,JPN,3750
2025-W34,7,ZHU Yuling,MAC,3530
2025-W34,8,Mima ITO,JPN,3150
2025-W34,9,Satsuki ODO,JPN,3065
2025-W34,10,CHEN Yi,CHN,2765
2025-W35,1,SUN Yingsha,CHN,12200
2025-W35,2,WANG Manyu,CHN,7900
2025-W35,3,CHEN Xingtong,CHN,6075
2025-W35,4,KUAI Man,CHN,4780
2025-W35,5,WANG Yidi,CHN,4675
2025-W35,6,Miwa HARIMOTO,JPN,3750
2025-W35,7,ZHU Yuling,MAC,3630
2025-W35,8,CHEN Yi,CHN,3340
2025-W35,9,Mima ITO,JPN,3325
2025-W35,10,Satsuki ODO,JPN,3015
2025-W36,1,SUN Yingsha,CHN,12200
2025-W36,2,WANG Manyu,CHN,7900
2025-W36,3,CHEN Xingtong,CHN,6075
2025-W36,4,KUAI Man,CHN,4780
2025-W36,5,WANG Yidi,CHN,4675
2025-W36,6,Miwa HARIMOTO,JPN,3750
2025-W36,7,ZHU Yuling,MAC,3630
2025-W36,8,CHEN Yi,CHN,3340
2025-W36,9,Mima ITO,JPN,3325
2025-W36,10,Satsuki ODO,JPN,3015
2025-W37,1,SUN Yingsha,CHN,12200
2025-W37,2,WANG Manyu,CHN,7900
2025-W37,3,CHEN Xingtong,CHN,6075
2025-W37,4,KUAI Man,CHN,4780
2025-W37,5,WANG Yidi,CHN,4675
2025-W37,6,Miwa HARIMOTO,JPN,3750
2025-W37,7,ZHU Yuling,MAC,3630
2025-W37,8,Mima ITO,JPN,3325
2025-W37,9,CHEN Yi,CHN,3185
2025-W37,10,Satsuki ODO,JPN,3015
2025-W38,1,SUN Yingsha,CHN,12200
2025-W38,2,WANG Manyu,CHN,8250
2025-W38,3,CHEN Xingtong,CHN,6075
2025-W38,4,KUAI Man,CHN,4955
2025-W38,5,WANG Yidi,CHN,4150
2025-W38,6,Miwa HARIMOTO,JPN,3750
2025-W38,7,ZHU Yuling,MAC,3715
2025-W38,8,Mima ITO,JPN,3325
2025-W38,9,CHEN Yi,CHN,3185
2025-W38,10,Satsuki ODO,JPN,3015
2025-W39,1,SUN Yingsha,CHN,12200
2025-W39,2,WANG Manyu,CHN,8250
2025-W39,3,CHEN Xingtong,CHN,6075
2025-W39,4,KUAI Man,CHN,4955
2025-W39,5,WANG Yidi,CHN,4150
2025-W39,6,Miwa HARIMOTO,JPN,3750
2025-W39,7,ZHU Yuling,MAC,3715
2025-W39,8,Mima ITO,JPN,3325
2025-W39,9,CHEN Yi,CHN,3185
2025-W39,10,Satsuki ODO,JPN,3015
2025-W40,1,SUN Yingsha,CHN,12200
2025-W40,2,WANG Manyu,CHN,8250
2025-W40,3,CHEN Xingtong,CHN,6075
2025-W40,4,KUAI Man,CHN,4955
2025-W40,5,WANG Yidi,CHN,4150
2025-W40,6,Miwa HARIMOTO,JPN,3750
2025-W40,7,ZHU Yuling,MAC,3715
2025-W40,8,Mima ITO,JPN,3325
2025-W40,9,CHEN Yi,CHN,3185
2025-W40,10,Satsuki ODO,JPN,3015
2025-W41,1,SUN Yingsha,CHN,11600
2025-W41,2,WANG Manyu,CHN,8850
2025-W41,3,CHEN Xingtong,CHN,6075
2025-W41,4,KUAI Man,CHN,4955
2025-W41,5,WANG Yidi,CHN,4325
2025-W41,6,ZHU Yuling,MAC,3940
2025-W41,7,Miwa HARIMOTO,JPN,3750
2025-W41,8,Mima ITO,JPN,3150
2025-W41,9,CHEN Yi,CHN,3135
2025-W41,10,Satsuki ODO,JPN,3015
2025-W42,1,SUN Yingsha,CHN,11600
2025-W42,2,WANG Manyu,CHN,8850
2025-W42,3,CHEN Xingtong,CHN,6075
2025-W42,4,KUAI Man,CHN,4955
2025-W42,5,WANG Yidi,CHN,4325
2025-W42,6,ZHU Yuling,MAC,3940
2025-W42,7,Miwa HARIMOTO,JPN,3750
2025-W42,8,CHEN Yi,CHN,3135
2025-W42,9,Mima ITO,JPN,3075
2025-W42,10,Satsuki ODO,JPN,3015
2025-W43,1,SUN Yingsha,CHN,11600
2025-W43,2,WANG Manyu,CHN,8850
2025-W43,3,CHEN Xingtong,CHN,6075
2025-W43,4,KUAI Man,CHN,4955
2025-W43,5,WANG Yidi,CHN,4325
2025-W43,6,ZHU Yuling,MAC,3940
2025-W43,7,Miwa HARIMOTO,JPN,3750
2025-W43,8,CHEN Yi,CHN,3135
2025-W43,9,Mima ITO,JPN,3075
2025-W43,10,Satsuki ODO,JPN,3015
2025-W44,1,SUN Yingsha,CHN,11600
2025-W44,2,WANG Manyu,CHN,8850
2025-W44,3,CHEN Xingtong,CHN,6075
2025-W44,4,KUAI Man,CHN,4955
2025-W44,5,WANG Yidi,CHN,4325
2025-W44,6,ZHU Yuling,MAC,3940
2025-W44,7,Miwa HARIMOTO,JPN,3650
2025-W44,8,CHEN Yi,CHN,3135
2025-W44,9,Mima ITO,JPN,2990
2025-W44,10,Honoka HASHIMOTO,JPN,2740
2025-W45,1,SUN Yingsha,CHN,11600
2025-W45,2,WANG Manyu,CHN,8850
2025-W45,3,CHEN Xingtong,CHN,6075
2025-W45,4,WANG Yidi,CHN,4975
2025-W45,5,KUAI Man,CHN,4730
2025-W45,6,ZHU Yuling,MAC,3940
2025-W45,7,Miwa HARIMOTO,JPN,3650
2025-W45,8,CHEN Yi,CHN,3185
2025-W45,9,Mima ITO,JPN,2990
2025-W45,10,Honoka HASHIMOTO,JPN,2740
2025-W46,1,SUN Yingsha,CHN,11600
2025-W46,2,WANG Manyu,CHN,8115
2025-W46,3,CHEN Xingtong,CHN,6075
2025-W46,4,KUAI Man,CHN,4730
2025-W46,5,WANG Yidi,CHN,4625
2025-W46,6,Miwa HARIMOTO,JPN,4000
2025-W46,7,ZHU Yuling,MAC,3765
2025-W46,8,Mima ITO,JPN,3250
2025-W46,9,CHEN Yi,CHN,3185
2025-W46,10,Hina HAYATA,JPN,3100
2025-W47,1,SUN Yingsha,CHN,11600
2025-W47,2,WANG Manyu,CHN,8115
2025-W47,3,CHEN Xingtong,CHN,6075
2025-W47,4,KUAI Man,CHN,4730
2025-W47,5,WANG Yidi,CHN,4625
2025-W47,6,Miwa HARIMOTO,JPN,4000
2025-W47,7,ZHU Yuling,MAC,3765
2025-W47,8,Mima ITO,JPN,3250
2025-W47,9,CHEN Yi,CHN,3185
2025-W47,10,Hina HAYATA,JPN,3100
2025-W48,1,SUN Yingsha,CHN,11600
2025-W48,2,WANG Manyu,CHN,6854
2025-W48,3,CHEN Xingtong,CHN,5375
2025-W48,4,KUAI Man,CHN,4730
2025-W48,5,WANG Yidi,CHN,4275
2025-W48,6,Miwa HARIMOTO,JPN,4000
2025-W48,7,ZHU Yuling,MAC,3765
2025-W48,8,Mima ITO,JPN,3240
2025-W48,9,CHEN Yi,CHN,3185
2025-W48,10,Hina HAYATA,JPN,3100
2025-W49,1,SUN Yingsha,CHN,11600
2025-W49,2,WANG Manyu,CHN,6854
2025-W49,3,CHEN Xingtong,CHN,5375
2025-W49,4,KUAI Man,CHN,4730
2025-W49,5,WANG Yidi,CHN,4275
2025-W49,6,Miwa HARIMOTO,JPN,4000
2025-W49,7,ZHU Yuling,MAC,3765
2025-W49,8,Mima ITO,JPN,3240
2025-W49,9,CHEN Yi,CHN,3185
2025-W49,10,Hina HAYATA,JPN,3100
2025-W50,1,SUN Yingsha,CHN,11600
2025-W50,2,WANG Manyu,CHN,7013
2025-W50,3,CHEN Xingtong,CHN,5375
2025-W50,4,KUAI Man,CHN,4730
2025-W50,5,WANG Yidi,CHN,4275
2025-W50,6,Miwa HARIMOTO,JPN,4000
2025-W50,7,ZHU Yuling,MAC,3765
2025-W50,8,Mima ITO,JPN,3240
2025-W50,9,CHEN Yi,CHN,3185
2025-W50,10,Hina HAYATA,JPN,3100
2025-W51,1,SUN Yingsha,CHN,11600
2025-W51,2,WANG Manyu,CHN,8248
2025-W51,3,KUAI Man,CHN,5605
2025-W51,4,CHEN Xingtong,CHN,5375
2025-W51,5,WANG Yidi,CHN,4275
2025-W51,6,Miwa HARIMOTO,JPN,4000
2025-W51,7,ZHU Yuling,MAC,3765
2025-W51,8,CHEN Yi,CHN,3570
2025-W51,9,Mima ITO,JPN,3250
2025-W51,10,Hina HAYATA,JPN,3100
2025-W52,1,SUN Yingsha,CHN,11600
2025-W52,2,WANG Manyu,CHN,8248
2025-W52,3,KUAI Man,CHN,5605
2025-W52,4,CHEN Xingtong,CHN,5375
2025-W52,5,WANG Yidi,CHN,4275
2025-W52,6,Miwa HARIMOTO,JPN,4000
2025-W52,7,ZHU Yuling,MAC,3765
2025-W52,8,CHEN Yi,CHN,3570
2025-W52,9,Mima ITO,JPN,3250
2025-W52,10,Hina HAYATA,JPN,3100
2026-W01,1,SUN Yingsha,CHN,11600
2026-W01,2,WANG Manyu,CHN,8248
2026-W01,3,KUAI Man,CHN,5605
2026-W01,4,CHEN Xingtong,CHN,5375
2026-W01,5,WANG Yidi,CHN,4275
2026-W01,6,Miwa HARIMOTO,JPN,4000
2026-W01,7,ZHU Yuling,MAC,3765
2026-W01,8,CHEN Yi,CHN,3570
2026-W01,9,Mima ITO,JPN,3250
2026-W01,10,Hina HAYATA,JPN,3100
2026-W02,1,SUN Yingsha,CHN,11600
2026-W02,2,WANG Manyu,CHN,8248
2026-W02,3,KUAI Man,CHN,5605
2026-W02,4,CHEN Xingtong,CHN,5375
2026-W02,5,WANG Yidi,CHN,4275
2026-W02,6,Miwa HARIMOTO,JPN,4000
2026-W02,7,ZHU Yuling,MAC,3765
2026-W02,8,CHEN Yi,CHN,3570
2026-W02,9,Mima ITO,JPN,3250
2026-W02,10,Hina HAYATA,JPN,3100
2026-W03,1,SUN Yingsha,CHN,11600
2026-W03,2,WANG Manyu,CHN,8248
2026-W03,3,CHEN Xingtong,CHN,5725
2026-W03,4,KUAI Man,CHN,5455
2026-W03,5,ZHU Yuling,MAC,4590
2026-W03,6,WANG Yidi,CHN,4400
2026-W03,7,Miwa HARIMOTO,JPN,4000
2026-W03,8,CHEN Yi,CHN,3500
2026-W03,9,Mima ITO,JPN,3250
2026-W03,10,Hina HAYATA,JPN,3100
2026-W04,1,SUN Yingsha,CHN,11600
2026-W04,2,WANG Manyu,CHN,8248
2026-W04,3,CHEN Xingtong,CHN,5725
2026-W04,4,KUAI Man,CHN,5350
2026-W04,5,ZHU Yuling,MAC,4980
2026-W04,6,WANG Yidi,CHN,4400
2026-W04,7,Miwa HARIMOTO,JPN,4000
2026-W04,8,CHEN Yi,CHN,3535
2026-W04,9,Mima ITO,JPN,3250
2026-W04,10,Hina HAYATA,JPN,3100
2026-W05,1,SUN Yingsha,CHN,11600
2026-W05,2,WANG Manyu,CHN,8248
2026-W05,3,CHEN Xingtong,CHN,5725
2026-W05,4,KUAI Man,CHN,5350
2026-W05,5,ZHU Yuling,MAC,4980
2026-W05,6,WANG Yidi,CHN,4400
2026-W05,7,Miwa HARIMOTO,JPN,4000
2026-W05,8,CHEN Yi,CHN,3535
2026-W05,9,Mima ITO,JPN,3250
2026-W05,10,Hina HAYATA,JPN,3100
2026-W06,1,SUN Yingsha,CHN,11600
2026-W06,2,WANG Manyu,CHN,8248
2026-W06,3,CHEN Xingtong,CHN,5725
2026-W06,4,KUAI Man,CHN,5350
2026-W06,5,ZHU Yuling,MAC,4980
2026-W06,6,WANG Yidi,CHN,4400
2026-W06,7,Miwa HARIMOTO,JPN,4000
2026-W06,8,CHEN Yi,CHN,3535
2026-W06,9,Mima ITO,JPN,3250
2026-W06,10,Hina HAYATA,JPN,3100
2026-W07,1,SUN Yingsha,CHN,10125
2026-W07,2,WANG Manyu,CHN,8248
2026-W07,3,CHEN Xingtong,CHN,5375
2026-W07,4,ZHU Yuling,MAC,4790
2026-W07,5,KUAI Man,CHN,4125
2026-W07,6,Miwa HARIMOTO,JPN,4000
2026-W07,7,WANG Yidi,CHN,3875
2026-W07,8,CHEN Yi,CHN,3535
2026-W07,9,Mima ITO,JPN,2990
2026-W07,10,Hina HAYATA,JPN,2925
2026-W08,1,SUN Yingsha,CHN,10125
2026-W08,2,WANG Manyu,CHN,8248
2026-W08,3,CHEN Xingtong,CHN,5375
2026-W08,4,ZHU Yuling,MAC,4790
2026-W08,5,KUAI Man,CHN,4125
2026-W08,6,Miwa HARIMOTO,JPN,4000
2026-W08,7,WANG Yidi,CHN,3875
2026-W08,8,CHEN Yi,CHN,3535
2026-W08,9,Mima ITO,JPN,2990
2026-W08,10,Hina HAYATA,JPN,2925
2026-W09,1,SUN Yingsha,CHN,10125
2026-W09,2,WANG Manyu,CHN,8098
2026-W09,3,CHEN Xingtong,CHN,5375
2026-W09,4,ZHU Yuling,MAC,4790
2026-W09,5,KUAI Man,CHN,4125
2026-W09,6,Miwa HARIMOTO,JPN,4000
2026-W09,7,WANG Yidi,CHN,3875
2026-W09,8,CHEN Yi,CHN,3535
2026-W09,9,Mima ITO,JPN,2990
2026-W09,10,Hina HAYATA,JPN,2925
2026-W10,1,SUN Yingsha,CHN,11600
2026-W10,2,WANG Manyu,CHN,9148
2026-W10,3,CHEN Xingtong,CHN,5605
2026-W10,4,ZHU Yuling,MAC,4960
2026-W10,5,KUAI Man,CHN,4330
2026-W10,6,WANG Yidi,CHN,4280
2026-W10,7,CHEN Yi,CHN,4260
2026-W10,8,Miwa HARIMOTO,JPN,4230
2026-W10,9,Hina HAYATA,JPN,3330
2026-W10,10,Mima ITO,JPN,3280
2026-W11,1,SUN Yingsha,CHN,11600
2026-W11,2,WANG Manyu,CHN,9148
2026-W11,3,CHEN Xingtong,CHN,5605
2026-W11,4,ZHU Yuling,MAC,4960
2026-W11,5,KUAI Man,CHN,4330
2026-W11,6,WANG Yidi,CHN,4280
2026-W11,7,CHEN Yi,CHN,4260
2026-W11,8,Miwa HARIMOTO,JPN,4230
2026-W11,9,Hina HAYATA,JPN,3330
2026-W11,10,Mima ITO,JPN,3280
2026-W12,1,SUN Yingsha,CHN,11125
2026-W12,2,WANG Manyu,CHN,9148
2026-W12,3,CHEN Xingtong,CHN,5255
2026-W12,4,ZHU Yuling,MAC,4960
2026-W12,5,Miwa HARIMOTO,JPN,4880
2026-W12,6,KUAI Man,CHN,4855
2026-W12,7,CHEN Yi,CHN,4385
2026-W12,8,WANG Yidi,CHN,4380
2026-W12,9,Hina HAYATA,JPN,3330
2026-W12,10,Mima ITO,JPN,3280
2026-W13,1,SUN Yingsha,CHN,11125
2026-W13,2,WANG Manyu,CHN,9148
2026-W13,3,CHEN Xingtong,CHN,5255
2026-W13,4,ZHU Yuling,MAC,4960
2026-W13,5,Miwa HARIMOTO,JPN,4880
2026-W13,6,KUAI Man,CHN,4855
2026-W13,7,CHEN Yi,CHN,4385
2026-W13,8,WANG Yidi,CHN,4380
2026-W13,9,Hina HAYATA,JPN,3330
2026-W13,10,Mima ITO,JPN,3280
2026-W14,1,SUN Yingsha,CHN,11125
2026-W14,2,WANG Manyu,CHN,9148
2026-W14,3,CHEN Xingtong,CHN,5255
2026-W14,4,ZHU Yuling,MAC,4960
2026-W14,5,KUAI Man,CHN,4855
2026-W14,6,Miwa HARIMOTO,JPN,4630
2026-W14,7,CHEN Yi,CHN,4385
2026-W14,8,WANG Yidi,CHN,4380
2026-W14,9,Hina HAYATA,JPN,3330
2026-W14,10,Mima ITO,JPN,3280
2026-W15,1,SUN Yingsha,CHN,12100
2026-W15,2,WANG Manyu,CHN,9848
2026-W15,3,CHEN Xingtong,CHN,5005
2026-W15,4,KUAI Man,CHN,4980
2026-W15,5,ZHU Yuling,MAC,4820
2026-W15,6,Miwa HARIMOTO,JPN,4630
2026-W15,7,CHEN Yi,CHN,4385
2026-W15,8,WANG Yidi,CHN,3830
2026-W15,9,Sabine WINTER,GER,3537
2026-W15,10,Mima ITO,JPN,3405
2026-W16,1,SUN Yingsha,CHN,12100
2026-W16,2,WANG Manyu,CHN,9848
2026-W16,3,CHEN Xingtong,CHN,5005
2026-W16,4,KUAI Man,CHN,4980
2026-W16,5,ZHU Yuling,MAC,4715
2026-W16,6,Miwa HARIMOTO,JPN,4630
2026-W16,7,CHEN Yi,CHN,4385
2026-W16,8,WANG Yidi,CHN,3830
2026-W16,9,Sabine WINTER,GER,3537
2026-W16,10,Mima ITO,JPN,3405
2026-W17,1,SUN Yingsha,CHN,11125
2026-W17,2,WANG Manyu,CHN,9848
2026-W17,3,CHEN Xingtong,CHN,4830
2026-W17,4,ZHU Yuling,MAC,4715
2026-W17,5,Miwa HARIMOTO,JPN,4630
2026-W17,6,CHEN Yi,CHN,4385
2026-W17,7,KUAI Man,CHN,4105
2026-W17,8,WANG Yidi,CHN,3830
2026-W17,9,Sabine WINTER,GER,3537
2026-W17,10,Hina HAYATA,JPN,3330
2026-W18,1,SUN Yingsha,CHN,11125
2026-W18,2,WANG Manyu,CHN,9848
2026-W18,3,CHEN Xingtong,CHN,4830
2026-W18,4,ZHU Yuling,MAC,4715
2026-W18,5,Miwa HARIMOTO,JPN,4580
2026-W18,6,CHEN Yi,CHN,4385
2026-W18,7,KUAI Man,CHN,4105
2026-W18,8,WANG Yidi,CHN,3830
2026-W18,9,Sabine WINTER,GER,3537
2026-W18,10,SHIN Yubin,KOR,3285
2026-W19,1,SUN Yingsha,CHN,11125
2026-W19,2,WANG Manyu,CHN,9848
2026-W19,3,CHEN Xingtong,CHN,4830
2026-W19,4,ZHU Yuling,MAC,4715
2026-W19,5,Miwa HARIMOTO,JPN,4580
2026-W19,6,CHEN Yi,CHN,4385
2026-W19,7,KUAI Man,CHN,4105
2026-W19,8,WANG Yidi,CHN,3830
2026-W19,9,Sabine WINTER,GER,3537
2026-W19,10,SHIN Yubin,KOR,3285
2026-W20,1,SUN Yingsha,CHN,11350
2026-W20,2,WANG Manyu,CHN,9867
2026-W20,3,Miwa HARIMOTO,JPN,4839
2026-W20,4,CHEN Xingtong,CHN,4830
2026-W20,5,ZHU Yuling,MAC,4715
2026-W20,6,CHEN Yi,CHN,4385
2026-W20,7,KUAI Man,CHN,4263
2026-W20,8,WANG Yidi,CHN,3947
2026-W20,9,Sabine WINTER,GER,3785
2026-W20,10,Hina HAYATA,JPN,3415
2026-W21,1,SUN Yingsha,CHN,11350
2026-W21,2,WANG Manyu,CHN,9867
2026-W21,3,Miwa HARIMOTO,JPN,4839
2026-W21,4,CHEN Xingtong,CHN,4830
2026-W21,5,ZHU Yuling,MAC,4715
2026-W21,6,CHEN Yi,CHN,4385
2026-W21,7,KUAI Man,CHN,4263
2026-W21,8,WANG Yidi,CHN,3947
2026-W21,9,Sabine WINTER,GER,3785
2026-W21,10,Hina HAYATA,JPN,3415
2026-W22,1,SUN Yingsha,CHN,9875
2026-W22,2,WANG Manyu,CHN,8865
2026-W22,3,Miwa HARIMOTO,JPN,4839
2026-W22,4,ZHU Yuling,MAC,4715
2026-W22,5,CHEN Xingtong,CHN,4395
2026-W22,6,CHEN Yi,CHN,4385
2026-W22,7,KUAI Man,CHN,4263
2026-W22,8,WANG Yidi,CHN,3897
2026-W22,9,Sabine WINTER,GER,3785
2026-W22,10,SHIN Yubin,KOR,3303
2026-W23,1,SUN Yingsha,CHN,9875
2026-W23,2,WANG Manyu,CHN,8865
2026-W23,3,Miwa HARIMOTO,JPN,4839
2026-W23,4,ZHU Yuling,MAC,4715
2026-W23,5,CHEN Xingtong,CHN,4395
2026-W23,6,CHEN Yi,CHN,4385
2026-W23,7,KUAI Man,CHN,4263
2026-W23,8,WANG Yidi,CHN,3897
2026-W23,9,Sabine WINTER,GER,3785
2026-W23,10,SHIN Yubin,KOR,3303
2026-W24,1,SUN Yingsha,CHN,9875
2026-W24,2,WANG Manyu,CHN,8865
2026-W24,3,Miwa HARIMOTO,JPN,4839
2026-W24,4,ZHU Yuling,MAC,4715
2026-W24,5,CHEN Xingtong,CHN,4395
2026-W24,6,CHEN Yi,CHN,4385
2026-W24,7,KUAI Man,CHN,4263
2026-W24,8,WANG Yidi,CHN,3897
2026-W24,9,Sabine WINTER,GER,3785
2026-W24,10,Satsuki ODO,JPN,3380
